"Query","Answer"
"how can enabling vim mode in gemni cli and antigravity help me? im a beginner in nvim but want as much speed and mouse free by leveraging modal editing for efficient command execution and navigation, reducing context switching, and optimizing workflow through keyboard-centric operations. tell me in detail ,","Enabling **Vim mode** in the Gemini CLI and leveraging **Antigravity** (the AI-powered capabilities of this terminal) is a powerful combination for a beginner looking to maximize speed and minimize mouse usage.

Here is how these features help you specifically:

### 1. Enabling Vim Mode in Gemini CLI
You can toggle this mode by typing the command `/vim` and pressing Enter.

*   **Muscle Memory & Speed:** As a beginner in Neovim (nvim), using Vim mode in your CLI builds critical muscle memory. You practice navigation (`h`, `j`, `k`, `l`) and editing (`dw`, `cw`, `x`) every time you type a prompt, not just when coding.
*   **Home Row Efficiency:** You never need to reach for the arrow keys or mouse to fix a typo at the start of your sentence.
    *   *Example:* To change ""create a file"" to ""delete a file"" at the start of a line: `Esc` (exit insert mode) -> `^` (jump to start) -> `cw` (change word) -> type ""delete"".
*   **Complex Prompts:** For longer instructions to the agent, you can press **`Ctrl + X`** to open your full default editor (which should be set to `nvim` or `vim`). This lets you compose complex prompts with full syntax highlighting and your personal nvim config before sending them.

### 2. Leveraging ""Antigravity"" (AI Autonomy)
""Antigravity"" refers to the agentic capabilities of this environment—the ability of the AI to ""lift"" the heavy burden of manual tasks.

*   **Context-Aware Execution:** Instead of manually `cd`-ing into directories and `cat`-ing files to find errors, you can simply ask the agent to ""Find the bug in `app.py`"". The agent (Antigravity) autonomously navigates the file system (as seen in your `vscode_progs/cv_me/segT` folder), reads the necessary context, and proposes fixes.
*   **Command Automation:** You type the *intent* (""Run the tests""), and the agent executes the specific *syntax* (`python -m pytest tests/test_inference.py`). This reduces the cognitive load of remembering exact flags and arguments.
*   **Reduced Context Switching:** You stay in the terminal. You don't need to switch to a browser to look up docs or a GUI file manager to move files. The agent handles these tools for you.

### Summary of Workflow
1.  **Think:** Formulate your intent.
2.  **Type (Fast):** Use **Vim mode** to quickly draft and edit your command to the agent.
3.  **Delegate:** Hit Enter, and let **Antigravity** (the agent) execute the shell commands, edits and reasoning.

**To get started, simply type:**
```bash
/vim
```"
"what else the gemini cli and antigravity combination do!? tell everthing.","The ""Gemini CLI + Antigravity"" combination is essentially a **force multiplier** for your development workflow.

Think of **Vim Mode** as your high-speed input method (the ""steering wheel"" and ""gearbox""), and **Antigravity** (me, the agent, and my tools) as the autonomous engine and pit crew that does the heavy lifting.

Here is the exhaustive breakdown of what this system can do for you:

### 1. Autonomous Software Engineering
I don't just ""chat"" about code; I act on it.
*   **Codebase Investigation:** If you join a new project, you can ask, ""How does the authentication system work?"" I use `codebase_investigator` to map the architecture, `search_file_content` (powered by optimized `ripgrep`) to find usages, and `read_file` to analyze logic. I give you a report, not just a guess.
*   **Refactoring & Editing:** You can say, ""Refactor `model_utils.py` to use a factory pattern."" I will plan the change, use `replace` to surgically edit the code (respecting indentation and style), and even run the linter afterwards.
*   **Debugging:** When you hit an error, paste the stack trace. I can trace the error back through your files, read the relevant lines, hypothesize a fix, and apply it.

### 2. Full Shell Integration
I am running directly on your system (outside a sandbox), which gives me powerful capabilities:
*   **Command Execution:** I can run `git` commands, execute test suites (`pytest`), install packages (`pip install`), or start servers. I always explain critical commands before running them for safety.
*   **Git Management:** You can ask, ""Commit these changes."" I will check `git status` and `git diff`, draft a concise commit message based on the actual changes, and ask for your confirmation to commit.

### 3. Deep Integration with Hugging Face Ecosystem
Since you have the Hugging Face extensions loaded, I have specialized powers:
*   **Model/Dataset Discovery:** ""Find me the best image segmentation model for medical data."" I can query the Hugging Face Hub using `model_search` and `dataset_search`.
*   **Paper Research:** ""Find recent papers on diffusion transformers."" I use `paper_search` to find ArXiv papers hosted on HF.
*   **Documentation:** ""How do I use the `Trainer` class in Transformers?"" I can search and fetch live documentation via `hf_doc_search`.
*   **Image Generation:** I can even generate images directly in the CLI using `gr1_z_image_turbo_generate`.

### 4. New Application Prototyping
You can give me a high-level goal: *""Build a Python CLI tool that converts CSVs to JSON.""*
*   I will **Plan** the structure.
*   I will **Scaffold** the files (using `write_file`).
*   I will **Implement** the logic.
*   I will **Verify** it runs.
You go from ""idea"" to ""working code"" without typing the boilerplate.

### 5. Workflow Optimization (The ""Antigravity"" Effect)
*   **Task Management:** For complex requests, I use `write_todos` to create a plan (Pending, In Progress, Completed). This keeps us focused on multi-step goals.
*   **Long-Term Memory:** If you tell me, ""I always use `ruff` for linting,"" I can use `save_memory` to store that fact. In future sessions, I will automatically use `ruff` without being asked.
*   **Web Search:** I can browse the web (`google_web_search`) to find library documentation, StackOverflow solutions, or the current date/time to solve problems that require external knowledge.

### The ""Antigravity"" Workflow
The true power is in combining these. Your workflow transforms from:
1.  Write code -> Switch to terminal -> Run tests -> Fail -> Switch to browser -> Search error -> Switch back -> Fix code.

To:
1.  **You:** (In Vim mode) ""Fix the test failure in `test_inference.py`, it looks like a shape mismatch.""
2.  **Me (Antigravity):**
    *   *Runs test to confirm error.*
    *   *Reads code.*
    *   *Checks docs for the library.*
    *   *Edits the file.*
    *   *Runs test again to verify.*
    *   *Reports: ""Fixed. The tensor shape was (B, C, H, W) but expected (B, H, W, C). I added a permute.""*

You stay in the flow; I handle the friction."